{
  "steps": 1000,
  "layer_ids": [
    12,
    13
  ],
  "compression_rate": 2,
  "compressed_topk": 64,
  "height": 512,
  "width": 512,
  "recall_k": 16,
  "initial_loss": 0.5688043832778931,
  "final_loss": 0.6681196093559265,
  "initial_layer_recalls": {
    "12": 0.0260009765625,
    "13": 0.06304931640625
  },
  "final_layer_recalls": {
    "12": 0.399658203125,
    "13": 0.56915283203125
  }
}