{
  "steps": 1000,
  "layer_id": 12,
  "height": 512,
  "width": 512,
  "recall_at_k": 64,
  "initial_loss": 0.5500845909118652,
  "final_loss": 0.4169244170188904,
  "initial_recall_at_k": 0.0548858642578125,
  "final_recall_at_k": 0.61572265625
}