{
  "layer_id": 12,
  "compression_rate": 8,
  "compressed_topk": 64,
  "num_prompts": 2,
  "mean_dense_time_sec": 0.7972150687128305,
  "mean_sparse_time_sec": 0.5890439404174685,
  "mean_time_ratio_sparse_over_dense": 0.8369696876447098,
  "mean_image_mse": 0.03726954758167267
}