{
  "steps": 1000,
  "layer_id": 13,
  "height": 512,
  "width": 512,
  "recall_at_k": 64,
  "initial_loss": 0.6991989016532898,
  "final_loss": 0.10066670179367065,
  "initial_recall_at_k": 0.0596160888671875,
  "final_recall_at_k": 0.7633819580078125
}