{
  "layer_id": 12,
  "compression_rate": 4,
  "compressed_topk": 48,
  "num_prompts": 4,
  "mean_dense_time_sec": 0.6526004769839346,
  "mean_sparse_time_sec": 0.5757662830874324,
  "mean_time_ratio_sparse_over_dense": 0.9635257141621854,
  "mean_image_mse": 0.02085925464052707
}