{
  "layer_id": 12,
  "compression_rate": 4,
  "compressed_topk": 48,
  "num_prompts": 2,
  "mean_dense_time_sec": 0.8007516423240304,
  "mean_sparse_time_sec": 0.5866808909922838,
  "mean_time_ratio_sparse_over_dense": 0.8264033336217738,
  "mean_image_mse": 0.03327006986364722
}